customer_id,gender,age,tenure,plan_type,monthly_charges,total_charges,num_complaints,support_calls,contract_type,payment_method,internet_usage_gb,churned,high_usage_flag,high_complaints_flag,high_support_flag,tenure_months
1,1,34,11,0,292.16,3213.76,0,2,0,0,54.6,1,0,0,0,132
2,0,26,56,2,606.72,33976.32,2,3,1,3,130.3,0,0,0,0,672
3,1,50,67,1,1415.89,94864.63,0,1,0,1,141.0,0,0,0,0,804
4,1,37,29,0,1305.88,37870.52,1,0,1,0,11.0,0,0,0,0,348
5,1,30,9,2,1476.48,13288.32,0,4,1,2,10.0,0,0,0,0,108
6,0,45,67,1,1016.39,68098.13,2,2,2,0,158.5,0,1,0,0,804
7,1,65,25,0,521.76,13044.0,1,2,1,1,210.3,1,1,0,0,300
8,1,46,42,0,411.66,17289.72,1,3,1,2,282.9,0,1,0,0,504
9,1,30,9,1,442.99,3986.91,0,1,0,2,57.8,0,0,0,0,108
10,0,63,40,0,225.73,9029.2,0,3,0,2,35.5,0,0,0,0,480
11,1,52,25,2,707.89,17697.25,0,0,0,3,20.4,1,0,0,0,300
12,1,23,5,2,448.86,2244.3,0,0,0,2,133.6,0,0,0,0,60
13,1,35,11,0,735.15,8086.65,3,2,1,3,188.8,0,1,1,0,132
14,1,68,59,0,1415.49,83513.91,1,5,1,3,253.0,0,1,0,1,708
15,0,22,38,2,759.7,28868.6,0,1,0,0,206.4,1,1,0,0,456
16,1,64,5,0,1341.38,6706.9,1,3,0,0,66.5,1,0,0,0,60
17,0,42,48,0,987.16,47383.68,0,1,0,2,141.2,0,0,0,0,576
18,0,19,18,2,521.27,9382.86,0,0,1,1,273.6,0,1,0,0,216
19,0,27,70,2,662.61,46382.7,1,4,1,2,101.4,0,0,0,0,840
20,1,47,37,0,309.1,11436.7,1,1,1,0,152.1,0,1,0,0,444
21,0,67,60,1,633.5,38010.0,0,3,0,2,287.8,0,1,0,0,720
22,1,62,48,0,1080.8,51878.4,0,0,0,0,221.7,0,1,0,0,576
23,0,22,28,1,293.74,8224.72,0,1,1,2,225.6,0,1,0,0,336
24,0,50,69,2,467.02,32224.38,2,0,1,1,79.4,0,0,0,0,828
25,0,18,40,2,695.87,27834.8,2,3,0,2,127.3,0,0,0,0,480
26,0,35,45,2,1476.66,66449.7,1,1,1,1,29.3,0,0,0,0,540
27,0,49,62,1,1220.32,75659.84,1,1,0,1,183.9,1,1,0,0,744
28,0,64,58,0,1153.53,66904.74,1,3,1,2,35.6,0,0,0,0,696
29,0,66,67,2,351.05,23520.35,1,2,1,1,251.6,0,1,0,0,804
30,0,28,56,0,1215.29,68056.24,0,6,1,1,245.3,0,1,0,1,672
31,1,38,40,0,1220.85,48834.0,0,4,0,0,162.4,1,1,0,0,480
32,1,43,40,0,981.43,39257.2,1,1,0,0,46.6,1,0,0,0,480
33,0,42,33,1,1487.47,49086.51,0,1,1,1,12.5,0,0,0,0,396
34,0,39,6,1,622.83,3736.98,1,3,1,3,240.0,1,1,0,0,72
35,0,44,19,0,1423.65,27049.35,0,2,0,2,182.0,1,1,0,0,228
36,1,66,40,0,1389.15,55566.0,3,1,1,1,214.7,0,1,1,0,480
37,0,30,59,2,214.92,12680.28,1,2,0,2,94.6,0,0,0,0,708
38,1,50,59,2,785.15,46323.85,0,0,2,0,155.3,0,1,0,0,708
39,1,51,48,0,1470.24,70571.52,0,2,1,2,225.4,0,1,0,0,576
40,1,58,41,2,334.06,13696.46,1,4,0,1,141.5,0,0,0,0,492
41,1,52,13,2,912.12,11857.56,0,3,0,1,182.4,0,1,0,0,156
42,1,18,45,1,1472.64,66268.8,3,2,0,1,238.0,1,1,1,0,540
43,0,38,53,0,922.14,48873.42,0,1,0,1,68.5,1,0,0,0,636
44,0,65,42,2,446.76,18763.92,1,1,0,3,24.4,0,0,0,0,504
45,0,23,63,2,956.84,60280.92,0,0,1,3,161.9,0,1,0,0,756
46,0,45,27,2,465.77,12575.79,2,0,2,3,23.3,0,0,0,0,324
47,0,34,38,2,875.62,33273.56,2,3,0,1,231.1,0,1,0,0,456
48,1,22,60,2,296.25,17775.0,1,0,0,3,217.2,0,1,0,0,720
49,0,48,7,0,987.13,6909.91,0,3,0,2,265.1,0,1,0,0,84
50,0,22,5,1,871.83,4359.15,1,2,0,1,193.7,0,1,0,0,60
51,1,55,45,2,1162.21,52299.45,1,0,0,0,24.8,0,0,0,0,540
52,0,20,58,0,1019.91,59154.78,1,4,1,1,79.7,0,0,0,0,696
53,1,40,31,2,914.49,28349.19,0,0,2,2,243.3,0,1,0,0,372
54,0,54,23,0,1096.71,25224.33,0,2,0,3,54.3,1,0,0,0,276
55,1,54,42,0,387.12,16259.04,3,2,1,1,211.1,0,1,1,0,504
56,0,27,10,1,973.97,9739.7,3,3,2,3,235.2,1,1,1,0,120
57,0,27,32,2,423.74,13559.68,2,5,0,1,102.4,0,0,0,1,384
58,1,36,53,2,1403.18,74368.54,2,1,1,2,100.1,0,0,0,0,636
59,1,34,30,0,288.83,8664.9,0,0,1,1,169.6,0,1,0,0,360
60,1,38,39,2,759.49,29620.11,0,2,0,3,259.1,0,1,0,0,468
61,1,31,31,0,1104.54,34240.74,2,1,0,3,71.1,1,0,0,0,372
62,1,26,2,0,795.43,1590.86,2,3,1,2,282.7,0,1,0,0,24
63,1,63,12,1,319.72,3836.64,5,5,1,1,181.7,1,1,1,1,144
64,1,18,39,2,919.39,35856.21,0,2,0,0,297.7,0,1,0,0,468
65,1,68,66,2,1034.12,68251.92,2,1,0,1,31.4,1,0,0,0,792
66,0,62,13,0,1114.93,14494.09,0,2,0,2,42.3,1,0,0,0,156
67,0,30,46,1,685.24,31521.04,1,1,2,0,248.9,0,1,0,0,552
68,1,21,27,2,932.76,25184.52,1,1,0,2,260.1,0,1,0,0,324
69,0,18,17,2,785.89,13360.13,0,1,1,1,136.4,0,0,0,0,204
70,0,66,60,2,1073.67,64420.2,1,3,0,0,215.7,0,1,0,0,720
71,0,57,64,0,958.62,61351.68,3,2,0,2,260.9,0,1,1,0,768
72,0,49,35,0,883.48,30921.8,0,1,0,3,17.7,0,0,0,0,420
73,1,51,70,2,524.38,36706.6,2,0,0,0,174.3,0,1,0,0,840
74,0,45,30,0,202.62,6078.6,1,1,0,0,256.8,0,1,0,0,360
75,1,48,71,0,426.31,30268.01,2,1,0,2,122.5,1,0,0,0,852
76,0,25,63,1,352.19,22187.97,0,0,0,3,94.2,0,0,0,0,756
77,0,56,28,2,783.81,21946.68,1,2,0,0,239.7,0,1,0,0,336
78,0,43,60,2,995.94,59756.4,0,1,0,2,104.1,0,0,0,0,720
79,1,51,37,2,477.01,17649.37,1,1,0,0,5.9,0,0,0,0,444
80,0,20,22,2,1420.77,31256.94,0,2,1,0,288.1,0,1,0,0,264
81,1,67,68,0,208.69,14190.92,4,2,1,0,179.7,1,1,1,0,816
82,0,29,20,0,1203.99,24079.8,1,3,2,3,246.8,0,1,0,0,240
83,1,18,68,0,1012.77,68868.36,2,4,0,1,248.5,0,1,0,0,816
84,0,61,64,0,685.62,43879.68,1,1,0,1,24.6,0,0,0,0,768
85,1,22,17,2,265.64,4515.88,0,2,0,3,55.4,0,0,0,0,204
86,1,47,12,0,1015.73,12188.76,0,0,0,3,96.8,0,0,0,0,144
87,0,47,22,2,701.3,15428.6,2,2,1,2,99.6,0,0,0,0,264
88,1,34,17,0,1417.15,24091.55,0,2,0,0,199.3,0,1,0,0,204
89,0,65,10,0,904.59,9045.9,0,2,0,3,188.8,1,1,0,0,120
90,0,64,65,2,1421.55,92400.75,2,2,0,2,150.9,0,1,0,0,780
91,0,40,22,0,486.63,10705.86,1,0,2,1,67.3,1,0,0,0,264
92,0,32,50,0,1143.44,57172.0,2,3,2,1,117.7,0,0,0,0,600
93,0,54,14,0,1002.42,14033.88,1,2,0,1,165.4,1,1,0,0,168
94,0,38,64,0,1161.23,74318.72,2,2,0,1,143.1,1,0,0,0,768
95,0,31,47,2,479.07,22516.29,1,3,1,2,42.6,0,0,0,0,564
96,0,19,29,0,1064.49,30870.21,1,1,2,0,196.6,0,1,0,0,348
97,0,28,36,0,847.45,30508.2,1,0,0,2,26.6,0,0,0,0,432
98,0,68,52,2,1165.67,60614.84,3,3,0,0,116.6,0,0,1,0,624
99,0,56,7,0,625.16,4376.12,2,0,2,1,214.5,0,1,0,0,84
100,1,55,29,1,1357.07,39355.03,0,1,1,3,10.9,0,0,0,0,348
101,1,51,11,2,309.59,3405.49,1,5,0,3,173.1,0,1,0,1,132
102,0,55,33,2,1249.35,41228.55,0,1,0,3,103.7,0,0,0,0,396
103,0,67,6,2,1319.72,7918.32,0,1,2,0,7.6,0,0,0,0,72
104,0,51,32,0,1262.43,40397.76,0,5,1,1,61.2,0,0,0,1,384
105,0,35,51,2,866.54,44193.54,4,5,1,2,282.6,0,1,1,1,612
106,0,47,58,0,769.9,44654.2,0,4,1,3,158.7,0,1,0,0,696
107,0,32,26,1,1495.14,38873.64,0,2,0,0,299.2,0,1,0,0,312
108,0,44,46,0,497.92,22904.32,0,0,1,3,159.8,0,1,0,0,552
109,0,68,29,2,910.94,26417.26,2,1,0,2,165.5,0,1,0,0,348
110,1,51,4,2,1071.88,4287.52,1,5,2,1,120.6,0,0,0,1,48
111,0,69,13,0,1111.13,14444.69,1,3,0,2,96.5,1,0,0,0,156
112,1,55,39,0,465.23,18143.97,2,0,2,1,79.2,0,0,0,0,468
113,0,50,15,2,1050.19,15752.85,1,1,0,1,106.3,0,0,0,0,180
114,0,41,29,1,1263.88,36652.52,4,1,0,1,140.7,1,0,1,0,348
115,1,32,29,0,265.02,7685.58,2,2,0,3,61.6,0,0,0,0,348
116,0,47,32,2,1384.98,44319.36,3,4,1,2,71.3,0,0,1,0,384
117,1,59,2,1,238.36,476.72,4,2,1,3,85.1,0,0,1,0,24
118,0,68,47,1,662.76,31149.72,1,1,1,2,137.5,0,0,0,0,564
119,0,34,22,0,220.56,4852.32,1,1,0,0,197.6,1,1,0,0,264
120,1,22,27,2,300.29,8107.83,1,3,0,0,257.6,0,1,0,0,324
121,0,46,67,0,1384.52,92762.84,2,2,2,2,89.7,0,0,0,0,804
122,1,21,56,1,661.32,37033.92,0,3,1,2,59.2,0,0,0,0,672
123,0,27,21,2,752.2,15796.2,0,2,1,2,116.8,0,0,0,0,252
124,1,34,47,0,479.95,22557.65,1,1,1,2,268.8,0,1,0,0,564
125,1,27,59,2,976.22,57596.98,0,0,1,1,7.9,0,0,0,0,708
126,0,34,6,0,973.24,5839.44,3,4,0,3,205.0,1,1,1,0,72
127,0,37,19,1,683.86,12993.34,0,5,1,1,145.8,0,0,0,1,228
128,1,41,57,1,632.95,36078.15,2,3,1,3,52.5,0,0,0,0,684
129,0,22,69,2,1350.45,93181.05,1,0,2,3,99.7,0,0,0,0,828
130,0,51,3,0,698.27,2094.81,1,1,1,3,71.4,1,0,0,0,36
131,0,23,1,2,841.55,841.55,0,4,0,1,264.0,0,1,0,0,12
132,1,19,58,0,568.3,32961.4,0,3,0,2,147.2,0,1,0,0,696
133,1,30,38,0,1222.8,46466.4,0,2,0,1,171.1,1,1,0,0,456
134,1,60,15,1,716.68,10750.2,0,2,0,1,180.1,0,1,0,0,180
135,1,60,34,0,867.69,29501.46,1,2,1,3,193.7,0,1,0,0,408
136,1,65,61,0,529.36,32290.96,1,4,2,0,151.2,0,1,0,0,732
137,1,28,35,1,1483.96,51938.6,0,1,0,0,10.3,0,0,0,0,420
138,1,68,64,0,578.94,37052.16,1,0,0,1,103.7,0,0,0,0,768
139,1,64,25,0,1201.97,30049.25,2,1,2,3,59.2,0,0,0,0,300
140,1,40,24,1,755.74,18137.76,0,5,1,1,205.6,0,1,0,1,288
141,0,33,12,0,468.08,5616.96,0,4,0,1,21.7,0,0,0,0,144
142,1,48,18,2,1239.63,22313.34,0,1,1,2,171.3,0,1,0,0,216
143,0,28,15,1,633.69,9505.35,0,4,0,3,67.1,0,0,0,0,180
144,0,33,27,1,1324.75,35768.25,0,5,0,0,284.9,0,1,0,1,324
145,0,25,60,2,1389.83,83389.8,0,0,0,0,104.0,0,0,0,0,720
146,1,21,46,0,1317.77,60617.42,1,1,0,0,100.9,1,0,0,0,552
147,1,57,17,0,245.51,4173.67,1,2,0,1,277.4,1,1,0,0,204
148,1,21,53,1,1223.59,64850.27,0,1,2,3,128.1,0,0,0,0,636
149,1,42,8,1,734.74,5877.92,3,4,1,2,289.0,0,1,1,0,96
150,0,20,27,2,1335.84,36067.68,1,2,0,0,12.1,0,0,0,0,324
151,1,49,46,0,1029.34,47349.64,0,2,0,3,95.4,0,0,0,0,552
152,1,20,50,0,1283.74,64187.0,1,3,0,0,201.5,1,1,0,0,600
153,1,44,71,0,849.26,60297.46,0,1,1,2,267.8,1,1,0,0,852
154,1,46,3,2,895.53,2686.59,0,1,1,3,80.6,1,0,0,0,36
155,1,49,64,2,387.7,24812.8,2,0,0,1,279.5,0,1,0,0,768
156,0,67,44,1,1219.18,53643.92,0,4,0,1,180.3,0,1,0,0,528
157,1,68,53,2,745.21,39496.13,0,2,1,0,241.3,0,1,0,0,636
158,0,36,24,0,850.1,20402.4,1,1,0,0,122.2,1,0,0,0,288
159,1,38,60,2,1220.63,73237.8,1,2,0,3,67.6,0,0,0,0,720
160,0,22,3,2,978.5,2935.5,1,1,1,2,273.8,0,1,0,0,36
161,1,35,20,2,461.43,9228.6,2,1,0,0,280.3,0,1,0,0,240
162,1,45,46,2,967.3,44495.8,1,0,0,3,151.8,0,1,0,0,552
163,0,59,15,1,729.92,10948.8,1,0,0,2,6.9,1,0,0,0,180
164,0,39,25,1,810.38,20259.5,2,2,0,0,37.4,0,0,0,0,300
165,0,38,71,0,236.8,16812.8,1,2,2,0,174.0,0,1,0,0,852
166,1,23,17,0,473.04,8041.68,0,7,2,3,12.0,0,0,0,1,204
167,0,18,9,2,565.35,5088.15,1,3,2,0,122.1,0,0,0,0,108
168,1,22,38,0,1126.85,42820.3,1,3,1,1,94.5,0,0,0,0,456
169,1,58,48,0,214.94,10317.12,0,5,0,2,215.7,0,1,0,1,576
170,0,29,60,0,731.41,43884.6,0,3,1,2,21.4,0,0,0,0,720
171,0,43,63,2,1401.23,88277.49,0,1,2,1,149.2,0,1,0,0,756
172,1,63,2,0,345.44,690.88,1,2,0,3,175.8,1,1,0,0,24
173,1,51,11,2,871.35,9584.85,2,0,0,1,187.1,0,1,0,0,132
174,0,66,64,1,1222.48,78238.72,1,2,1,1,124.5,0,0,0,0,768
175,0,31,21,0,1425.29,29931.09,0,3,1,2,94.8,0,0,0,0,252
176,0,43,18,0,1170.81,21074.58,1,5,0,3,206.3,1,1,0,1,216
177,1,62,64,0,1136.74,72751.36,0,2,0,0,255.0,0,1,0,0,768
178,1,44,38,1,1274.43,48428.34,2,1,1,1,209.6,0,1,0,0,456
179,1,26,32,0,780.06,24961.92,0,3,0,1,280.0,1,1,0,0,384
180,1,43,11,0,1247.6,13723.6,0,0,1,3,216.6,1,1,0,0,132
181,1,64,45,0,210.35,9465.75,1,3,0,1,230.6,1,1,0,0,540
182,1,39,33,2,1401.93,46263.69,1,3,2,3,54.5,0,0,0,0,396
183,0,64,41,2,776.3,31828.3,1,5,0,0,128.8,1,0,0,1,492
184,1,47,8,2,919.39,7355.12,3,2,0,3,148.1,1,1,1,0,96
185,1,60,11,1,531.35,5844.85,2,0,0,0,80.6,1,0,0,0,132
186,1,65,51,0,1165.29,59429.79,1,1,0,3,160.9,1,1,0,0,612
187,0,34,41,1,299.63,12284.83,0,3,1,1,90.8,0,0,0,0,492
188,1,43,17,0,1334.43,22685.31,1,4,0,0,207.8,0,1,0,0,204
189,1,53,46,1,1276.55,58721.3,1,4,0,1,143.7,0,0,0,0,552
190,0,18,32,2,480.88,15388.16,3,3,0,0,140.3,1,0,1,0,384
191,1,25,54,1,1252.12,67614.48,0,1,1,3,295.2,0,1,0,0,648
192,1,66,20,0,1222.27,24445.4,1,0,1,3,120.8,0,0,0,0,240
193,1,52,33,0,1021.88,33722.04,0,2,0,3,111.9,0,0,0,0,396
194,1,69,40,0,685.58,27423.2,1,3,1,2,99.0,0,0,0,0,480
195,1,32,32,0,552.95,17694.4,1,2,1,2,269.0,1,1,0,0,384
196,0,64,2,0,501.32,1002.64,0,1,1,0,151.5,1,1,0,0,24
197,0,39,33,0,614.19,20268.27,0,3,0,2,182.0,0,1,0,0,396
198,0,31,30,0,1374.63,41238.9,4,1,1,3,58.3,0,0,1,0,360
199,1,43,33,2,300.93,9930.69,1,3,0,2,164.6,0,1,0,0,396
200,1,45,26,1,1277.53,33215.78,1,3,0,2,86.0,0,0,0,0,312
201,1,40,22,2,653.56,14378.32,3,4,0,1,220.5,1,1,1,0,264
202,0,31,66,0,878.08,57953.28,2,2,0,0,250.6,0,1,0,0,792
203,1,41,38,2,1232.83,46847.54,0,1,0,0,215.9,0,1,0,0,456
204,1,19,46,0,1349.69,62085.74,2,3,2,0,220.4,1,1,0,0,552
205,0,62,15,1,648.22,9723.3,1,1,0,2,156.2,1,1,0,0,180
206,1,43,44,0,800.4,35217.6,0,5,0,3,215.1,0,1,0,1,528
207,0,31,49,2,738.87,36204.63,1,2,0,1,129.7,0,0,0,0,588
208,0,68,61,1,217.23,13251.03,0,3,0,0,197.2,0,1,0,0,732
209,0,24,67,1,584.73,39176.91,0,0,0,2,81.4,0,0,0,0,804
210,1,20,6,2,796.95,4781.7,1,1,0,3,25.6,1,0,0,0,72
211,1,64,9,1,734.42,6609.78,2,4,0,1,127.0,0,0,0,0,108
212,1,40,6,1,1138.51,6831.06,1,1,0,1,141.2,0,0,0,0,72
213,1,63,32,2,700.24,22407.68,3,5,0,0,80.6,1,0,1,1,384
214,1,60,41,2,836.19,34283.79,1,0,0,0,219.7,0,1,0,0,492
215,1,64,8,2,758.49,6067.92,0,2,1,3,26.7,1,0,0,0,96
216,1,62,50,2,1162.81,58140.5,1,4,1,2,70.7,0,0,0,0,600
217,0,35,62,2,1321.86,81955.32,1,2,1,3,225.8,0,1,0,0,744
218,1,55,62,2,891.46,55270.52,0,2,0,0,134.0,0,0,0,0,744
219,0,52,7,0,1226.26,8583.82,1,2,0,3,213.1,1,1,0,0,84
220,1,68,4,0,585.82,2343.28,2,1,2,2,172.4,0,1,0,0,48
221,1,32,6,0,903.78,5422.68,0,2,0,1,285.5,1,1,0,0,72
222,1,42,58,0,648.8,37630.4,3,1,0,1,181.3,1,1,1,0,696
223,0,54,22,0,738.46,16246.12,2,2,0,1,9.4,1,0,0,0,264
224,0,45,26,2,1152.14,29955.64,0,2,0,1,109.1,0,0,0,0,312
225,0,27,3,0,1346.16,4038.48,0,0,0,0,47.2,0,0,0,0,36
226,0,56,41,1,357.94,14675.54,1,3,1,0,277.8,0,1,0,0,492
227,1,34,60,0,1025.03,61501.8,1,2,0,2,35.7,1,0,0,0,720
228,0,56,14,0,956.79,13395.06,1,0,2,2,119.4,0,0,0,0,168
229,1,39,12,2,353.94,4247.28,0,3,0,2,71.7,0,0,0,0,144
230,1,43,12,2,475.46,5705.52,3,2,0,2,254.8,0,1,1,0,144
231,0,61,13,0,604.3,7855.9,2,4,2,3,96.0,0,0,0,0,156
232,0,42,25,1,417.01,10425.25,0,0,1,2,297.6,0,1,0,0,300
233,0,34,45,1,516.85,23258.25,3,3,0,1,16.4,0,0,1,0,540
234,0,30,19,0,547.88,10409.72,2,2,0,1,42.8,0,0,0,0,228
235,0,37,55,0,636.38,35000.9,0,2,1,1,71.3,1,0,0,0,660
236,0,42,45,1,1174.21,52839.45,1,3,0,3,244.3,1,1,0,0,540
237,0,21,8,2,943.49,7547.92,0,2,0,2,264.2,0,1,0,0,96
238,0,27,53,2,1482.12,78552.36,2,2,1,1,26.1,0,0,0,0,636
239,1,20,55,1,739.16,40653.8,1,1,0,1,14.6,0,0,0,0,660
240,0,58,32,0,1180.02,37760.64,0,0,0,1,224.6,0,1,0,0,384
241,0,62,51,2,1332.91,67978.41,1,1,0,1,44.3,1,0,0,0,612
242,1,35,44,0,1082.67,47637.48,0,3,0,0,44.2,0,0,0,0,528
243,0,64,70,2,735.42,51479.4,0,1,2,2,11.6,0,0,0,0,840
244,1,53,18,2,1179.67,21234.06,0,2,0,2,19.7,1,0,0,0,216
245,1,64,22,2,464.77,10224.94,1,0,2,3,82.8,0,0,0,0,264
246,0,39,37,0,625.82,23155.34,1,0,0,0,24.2,1,0,0,0,444
247,1,51,56,0,910.69,50998.64,1,1,0,3,113.8,0,0,0,0,672
248,1,64,59,2,948.03,55933.77,1,1,0,1,250.7,0,1,0,0,708
249,1,25,3,2,228.78,686.34,0,4,1,3,101.3,0,0,0,0,36
250,1,57,28,2,1428.65,40002.2,1,2,2,1,219.7,0,1,0,0,336
251,0,66,35,0,1105.62,38696.7,1,3,0,1,32.7,0,0,0,0,420
252,1,61,61,1,844.41,51509.01,1,0,0,2,199.5,0,1,0,0,732
253,0,36,54,0,1413.07,76305.78,1,1,0,2,98.4,0,0,0,0,648
254,1,59,63,1,770.82,48561.66,0,2,1,2,226.2,0,1,0,0,756
255,1,58,7,0,1474.57,10321.99,2,2,0,2,45.2,1,0,0,0,84
256,1,54,49,2,865.97,42432.53,0,6,1,2,269.9,0,1,0,1,588
257,1,23,31,0,348.57,10805.67,0,3,0,0,76.6,0,0,0,0,372
258,0,69,58,1,1194.24,69265.92,0,2,0,2,109.2,0,0,0,0,696
259,0,43,61,2,1082.57,66036.77,0,2,0,3,285.3,0,1,0,0,732
260,1,51,24,0,1204.88,28917.12,1,2,0,1,175.7,0,1,0,0,288
261,1,62,20,0,1436.87,28737.4,0,2,1,2,112.9,0,0,0,0,240
262,0,23,37,0,1209.44,44749.28,1,4,1,0,285.1,0,1,0,0,444
263,1,54,4,0,994.74,3978.96,0,1,0,3,102.1,0,0,0,0,48
264,1,50,20,1,1314.5,26290.0,0,2,0,3,33.0,0,0,0,0,240
265,1,39,60,2,1075.22,64513.2,1,2,0,1,299.1,0,1,0,0,720
266,0,38,24,2,730.55,17533.2,1,0,1,3,84.0,0,0,0,0,288
267,0,23,50,2,1351.31,67565.5,1,2,0,3,256.1,1,1,0,0,600
268,0,23,49,2,488.47,23935.03,2,3,0,3,53.8,0,0,0,0,588
269,1,65,51,0,1129.03,57580.53,0,5,0,3,220.7,1,1,0,1,612
270,1,21,36,0,1346.03,48457.08,0,1,0,0,159.7,0,1,0,0,432
271,0,47,66,2,1150.71,75946.86,0,0,0,1,294.4,0,1,0,0,792
272,0,28,34,1,1106.46,37619.64,0,2,0,2,168.1,0,1,0,0,408
273,0,47,36,0,1178.43,42423.48,0,2,0,3,12.4,0,0,0,0,432
274,0,48,6,0,804.57,4827.42,1,0,1,0,183.1,0,1,0,0,72
275,1,41,39,2,1336.42,52120.38,1,2,0,1,47.9,0,0,0,0,468
276,0,26,42,1,464.47,19507.74,1,6,0,2,240.6,1,1,0,1,504
277,1,20,58,0,365.6,21204.8,1,0,1,1,257.7,0,1,0,0,696
278,0,68,12,2,571.16,6853.92,3,0,0,0,147.2,0,1,1,0,144
279,1,48,3,1,891.05,2673.15,0,3,1,0,236.1,1,1,0,0,36
280,0,57,18,0,863.73,15547.14,0,7,0,0,47.8,1,0,0,1,216
281,0,54,40,0,1266.78,50671.2,1,1,0,3,150.2,1,1,0,0,480
282,0,53,21,2,725.94,15244.74,1,1,0,0,121.2,0,0,0,0,252
283,0,41,15,1,829.65,12444.75,0,3,0,2,185.3,0,1,0,0,180
284,1,48,26,0,217.38,5651.88,0,2,1,3,18.1,0,0,0,0,312
285,0,23,8,2,732.66,5861.28,0,1,0,1,226.9,0,1,0,0,96
286,1,19,42,2,1042.11,43768.62,2,2,0,2,28.3,1,0,0,0,504
287,1,37,44,2,220.16,9687.04,3,4,0,3,198.7,0,1,1,0,528
288,1,45,14,2,565.15,7912.1,1,2,0,0,10.4,0,0,0,0,168
289,1,28,2,2,470.34,940.68,0,3,0,1,250.4,1,1,0,0,24
290,0,21,37,2,254.58,9419.46,1,2,0,0,56.5,0,0,0,0,444
291,1,32,69,2,823.04,56789.76,0,4,0,2,157.1,1,1,0,0,828
292,1,23,38,2,436.24,16577.12,0,3,1,2,82.1,0,0,0,0,456
293,1,66,41,2,1166.01,47806.41,0,2,0,3,218.2,0,1,0,0,492
294,0,47,62,1,1302.31,80743.22,1,1,1,2,99.8,0,0,0,0,744
295,0,55,60,0,909.26,54555.6,0,1,2,1,218.8,0,1,0,0,720
296,0,68,14,1,1476.22,20667.08,1,2,0,3,89.0,0,0,0,0,168
297,0,19,2,1,785.62,1571.24,1,2,1,1,227.0,1,1,0,0,24
298,1,32,70,0,867.38,60716.6,1,2,1,0,14.0,1,0,0,0,840
299,1,28,17,2,1485.98,25261.66,3,0,0,1,88.6,0,0,1,0,204
300,0,25,28,2,501.01,14028.28,1,0,2,1,152.1,0,1,0,0,336
301,1,43,66,0,1425.31,94070.46,1,2,0,2,18.3,1,0,0,0,792
302,1,68,35,0,255.69,8949.15,0,1,0,0,59.9,0,0,0,0,420
303,1,62,5,0,780.3,3901.5,0,4,1,2,280.7,0,1,0,0,60
304,0,61,65,0,291.0,18915.0,0,3,0,0,293.2,1,1,0,0,780
305,0,22,40,1,1148.01,45920.4,0,0,0,0,223.2,1,1,0,0,480
306,1,23,56,0,990.93,55492.08,2,4,0,1,79.4,0,0,0,0,672
307,0,43,36,1,1118.62,40270.32,1,3,1,2,81.9,0,0,0,0,432
308,0,21,45,2,686.82,30906.9,0,2,1,1,195.5,0,1,0,0,540
309,0,36,23,1,680.33,15647.59,0,1,0,1,39.7,0,0,0,0,276
310,0,37,47,2,258.92,12169.24,0,0,2,1,284.8,0,1,0,0,564
311,0,50,31,0,654.93,20302.83,1,4,0,0,71.3,1,0,0,0,372
312,1,37,11,2,1408.07,15488.77,0,1,0,2,299.9,0,1,0,0,132
313,0,66,10,0,692.99,6929.9,3,2,1,2,151.2,0,1,1,0,120
314,1,29,67,2,1280.78,85812.26,1,4,1,1,232.6,0,1,0,0,804
315,1,64,14,1,1295.02,18130.28,1,3,0,0,5.6,0,0,0,0,168
316,0,18,10,0,685.21,6852.1,2,1,0,2,267.2,1,1,0,0,120
317,1,43,1,0,1021.59,1021.59,2,0,1,3,84.7,1,0,0,0,12
318,1,31,5,2,323.98,1619.9,1,1,2,2,202.0,0,1,0,0,60
319,1,55,20,1,334.78,6695.6,1,3,1,1,242.9,0,1,0,0,240
320,0,54,8,2,263.25,2106.0,3,2,0,3,53.4,1,0,1,0,96
321,0,28,43,0,955.32,41078.76,0,0,2,0,135.5,0,0,0,0,516
322,1,53,1,2,753.89,753.89,1,2,2,3,150.7,0,1,0,0,12
323,0,30,57,0,912.44,52009.08,1,3,0,3,97.1,0,0,0,0,684
324,0,60,64,2,877.4,56153.6,0,1,1,1,147.1,0,0,0,0,768
325,0,20,28,1,655.26,18347.28,1,3,1,2,98.7,0,0,0,0,336
326,0,50,37,2,1080.72,39986.64,0,1,2,0,111.4,0,0,0,0,444
327,1,23,47,1,1186.05,55744.35,0,4,1,3,202.5,0,1,0,0,564
328,1,67,37,0,219.02,8103.74,0,4,1,1,191.6,0,1,0,0,444
329,0,27,49,2,469.41,23001.09,0,0,1,2,73.5,0,0,0,0,588
330,0,22,44,1,1127.21,49597.24,0,0,0,3,269.8,0,1,0,0,528
331,1,40,56,0,702.61,39346.16,1,3,1,1,259.5,0,1,0,0,672
332,1,27,28,1,1061.23,29714.44,1,1,1,1,155.2,0,1,0,0,336
333,0,61,6,0,651.05,3906.3,2,1,2,1,132.8,1,0,0,0,72
334,1,19,61,2,707.98,43186.78,4,3,0,0,116.2,1,0,1,0,732
335,0,30,20,1,406.28,8125.6,2,2,0,2,213.6,0,1,0,0,240
336,0,57,2,2,535.7,1071.4,0,0,0,3,203.1,1,1,0,0,24
337,1,19,37,0,987.04,36520.48,2,4,1,2,62.9,0,0,0,0,444
338,1,37,20,2,763.11,15262.2,0,1,1,2,203.1,0,1,0,0,240
339,0,18,26,2,1206.59,31371.34,0,3,0,3,79.5,0,0,0,0,312
340,0,54,29,1,1308.36,37942.44,2,2,0,2,10.5,0,0,0,0,348
341,1,26,1,2,904.14,904.14,1,2,0,0,211.3,1,1,0,0,12
342,0,34,35,0,1185.75,41501.25,0,1,0,3,195.2,1,1,0,0,420
343,1,26,70,2,598.98,41928.6,3,1,1,3,126.2,0,0,1,0,840
344,0,28,59,2,739.46,43628.14,2,2,0,1,160.1,0,1,0,0,708
345,1,32,69,2,1126.61,77736.09,2,1,0,2,284.4,0,1,0,0,828
346,1,41,33,2,702.08,23168.64,0,1,0,3,180.6,1,1,0,0,396
347,1,55,51,1,965.06,49218.06,0,0,0,3,199.1,0,1,0,0,612
348,0,52,12,2,440.98,5291.76,1,1,1,0,23.9,0,0,0,0,144
349,0,47,20,2,979.7,19594.0,0,3,0,1,54.0,0,0,0,0,240
350,1,48,53,0,1319.97,69958.41,0,3,2,3,93.8,0,0,0,0,636
351,0,66,43,0,1329.23,57156.89,0,2,0,0,164.1,1,1,0,0,516
352,1,22,50,0,1141.65,57082.5,1,0,0,3,234.1,1,1,0,0,600
353,1,61,29,0,1169.48,33914.92,3,2,0,3,99.8,1,0,1,0,348
354,0,67,57,2,925.31,52742.67,4,4,1,3,110.1,1,0,1,0,684
355,0,31,39,2,960.07,37442.73,0,3,0,0,80.6,0,0,0,0,468
356,1,28,56,2,373.75,20930.0,0,0,2,2,80.1,0,0,0,0,672
357,0,26,43,1,777.02,33411.86,1,1,1,3,284.9,0,1,0,0,516
358,0,51,50,1,786.01,39300.5,0,3,0,3,192.5,0,1,0,0,600
359,1,29,23,1,1446.05,33259.15,1,2,1,2,51.0,0,0,0,0,276
360,1,52,44,2,760.41,33458.04,0,1,2,3,218.1,0,1,0,0,528
361,0,52,38,2,914.15,34737.7,1,3,0,1,218.0,0,1,0,0,456
362,1,18,23,2,893.23,20544.29,1,2,0,3,201.6,0,1,0,0,276
363,1,57,45,0,1027.79,46250.55,2,1,1,1,44.7,0,0,0,0,540
364,0,39,52,0,1172.7,60980.4,1,2,0,2,125.4,0,0,0,0,624
365,1,46,50,1,492.55,24627.5,4,1,2,0,36.5,1,0,1,0,600
366,1,25,8,1,887.34,7098.72,0,2,0,2,245.9,0,1,0,0,96
367,0,28,1,0,1273.69,1273.69,0,0,0,3,198.3,0,1,0,0,12
368,0,58,8,2,802.05,6416.4,3,3,2,1,154.6,1,1,1,0,96
369,1,54,29,1,561.99,16297.71,1,3,1,0,106.2,0,0,0,0,348
370,1,31,5,0,1051.12,5255.6,0,1,0,3,59.4,1,0,0,0,60
371,0,47,47,0,1270.9,59732.3,1,2,2,0,36.4,1,0,0,0,564
372,0,52,34,1,282.08,9590.72,2,2,0,0,290.9,0,1,0,0,408
373,0,38,65,2,1209.83,78638.95,1,0,0,3,63.9,0,0,0,0,780
374,0,54,55,0,1268.14,69747.7,0,4,2,2,22.7,0,0,0,0,660
375,1,22,43,2,799.98,34399.14,4,1,0,3,288.7,1,1,1,0,516
376,0,36,30,1,1478.3,44349.0,0,4,0,3,166.9,1,1,0,0,360
377,0,31,17,2,1222.72,20786.24,1,3,0,2,240.0,0,1,0,0,204
378,1,43,26,0,1205.76,31349.76,0,4,1,1,17.9,1,0,0,0,312
379,0,21,8,0,1172.19,9377.52,0,1,0,3,172.2,0,1,0,0,96
380,1,42,47,2,395.79,18602.13,2,1,0,0,122.5,1,0,0,0,564
381,0,62,46,2,482.4,22190.4,2,2,1,3,232.7,0,1,0,0,552
382,0,59,68,2,803.19,54616.92,0,0,0,3,16.3,0,0,0,0,816
383,0,42,33,0,543.21,17925.93,1,1,1,0,123.5,0,0,0,0,396
384,1,35,1,1,739.81,739.81,1,4,2,2,240.7,0,1,0,0,12
385,1,57,19,0,1355.0,25745.0,1,1,0,1,159.2,0,1,0,0,228
386,0,25,31,0,1271.62,39420.22,4,1,0,1,167.3,1,1,1,0,372
387,1,56,14,0,1019.05,14266.7,0,5,0,0,33.7,0,0,0,1,168
388,1,57,53,0,1315.56,69724.68,1,3,1,2,44.0,0,0,0,0,636
389,1,31,48,2,1218.9,58507.2,1,4,2,3,204.7,0,1,0,0,576
390,1,49,69,2,757.68,52279.92,1,4,0,3,204.1,1,1,0,0,828
391,1,68,62,0,461.38,28605.56,2,2,0,3,293.8,1,1,0,0,744
392,1,55,66,2,868.46,57318.36,1,2,0,3,215.0,1,1,0,0,792
393,0,50,64,0,1157.1,74054.4,2,2,0,3,150.5,0,1,0,0,768
394,0,40,70,2,767.35,53714.5,1,2,0,0,257.9,0,1,0,0,840
395,1,32,63,1,1066.8,67208.4,0,3,1,3,35.8,0,0,0,0,756
396,0,50,33,0,322.63,10646.79,1,1,0,3,137.5,1,0,0,0,396
397,0,42,41,2,1172.41,48068.81,2,4,1,2,89.7,0,0,0,0,492
398,0,34,48,0,1256.53,60313.44,1,2,0,3,35.9,0,0,0,0,576
399,0,50,13,0,1118.89,14545.57,1,3,0,1,230.2,0,1,0,0,156
400,1,64,31,0,1457.44,45180.64,0,2,0,0,155.7,1,1,0,0,372
401,0,19,68,2,1274.65,86676.2,0,2,1,0,169.2,0,1,0,0,816
402,0,31,4,2,1374.02,5496.08,2,1,0,0,126.3,1,0,0,0,48
403,1,57,19,0,1413.64,26859.16,2,1,0,1,140.8,1,0,0,0,228
404,1,57,70,1,1241.75,86922.5,0,1,0,3,39.2,0,0,0,0,840
405,0,68,13,2,1076.54,13995.02,2,4,1,0,203.5,0,1,0,0,156
406,0,56,23,1,207.43,4770.89,4,1,0,1,132.6,1,0,1,0,276
407,0,68,1,2,805.57,805.57,0,2,0,2,245.9,1,1,0,0,12
408,0,23,54,2,942.51,50895.54,0,1,1,3,62.9,0,0,0,0,648
409,0,23,71,0,595.24,42262.04,1,2,1,1,65.5,0,0,0,0,852
410,0,20,15,0,613.54,9203.1,1,3,0,3,195.5,1,1,0,0,180
411,1,24,65,1,1449.51,94218.15,0,2,1,2,254.6,0,1,0,0,780
412,0,68,71,0,1359.22,96504.62,1,2,0,1,144.3,1,0,0,0,852
413,0,25,15,1,1303.93,19558.95,0,0,1,3,219.5,0,1,0,0,180
414,1,59,21,2,727.82,15284.22,1,0,2,1,299.8,0,1,0,0,252
415,1,69,19,0,217.81,4138.39,0,0,0,0,297.1,0,1,0,0,228
416,1,32,60,0,304.29,18257.4,0,3,1,3,224.6,0,1,0,0,720
417,1,64,33,0,605.86,19993.38,2,3,0,1,223.2,0,1,0,0,396
418,0,46,49,1,220.47,10803.03,3,2,0,0,78.0,0,0,1,0,588
419,0,50,35,2,222.29,7780.15,3,0,1,2,250.9,1,1,1,0,420
420,0,69,44,0,1391.58,61229.52,2,3,2,3,124.5,0,0,0,0,528
421,0,47,11,0,1118.01,12298.11,2,1,0,3,288.8,1,1,0,0,132
422,0,56,66,0,601.64,39708.24,1,1,0,2,29.0,0,0,0,0,792
423,0,44,46,2,372.44,17132.24,0,2,0,0,133.6,0,0,0,0,552
424,1,53,9,0,865.13,7786.17,1,3,2,2,169.0,0,1,0,0,108
425,0,46,3,1,206.95,620.85,0,2,1,3,124.5,0,0,0,0,36
426,1,55,26,0,1419.94,36918.44,0,2,1,1,67.1,0,0,0,0,312
427,1,50,48,0,739.26,35484.48,1,3,0,0,179.9,1,1,0,0,576
428,0,54,66,2,723.04,47720.64,0,6,2,0,228.0,0,1,0,1,792
429,1,44,70,2,707.77,49543.9,4,2,1,0,195.2,1,1,1,0,840
430,0,50,28,1,290.13,8123.64,1,0,1,2,74.2,0,0,0,0,336
431,1,21,26,2,1029.82,26775.32,2,3,0,2,220.8,0,1,0,0,312
432,0,39,25,0,1152.9,28822.5,1,0,0,1,80.8,0,0,0,0,300
433,1,19,12,2,1078.96,12947.52,2,1,0,1,56.7,0,0,0,0,144
434,0,27,5,0,379.97,1899.85,1,0,1,0,208.7,0,1,0,0,60
435,0,22,48,0,952.49,45719.52,4,5,0,1,253.6,1,1,1,1,576
436,0,27,37,1,940.33,34792.21,2,0,1,2,147.1,0,0,0,0,444
437,0,50,44,2,1328.93,58472.92,2,7,0,1,161.8,0,1,0,1,528
438,0,55,15,1,692.87,10393.05,1,2,1,2,94.3,0,0,0,0,180
439,1,30,43,2,682.93,29365.99,2,4,0,1,150.9,0,1,0,0,516
440,1,48,48,2,1004.09,48196.32,2,4,0,3,43.9,0,0,0,0,576
441,1,64,70,0,1022.99,71609.3,2,1,0,2,287.0,1,1,0,0,840
442,0,53,46,0,810.07,37263.22,0,2,0,3,241.1,1,1,0,0,552
443,1,62,43,1,775.98,33367.14,1,1,0,2,202.1,0,1,0,0,516
444,0,41,21,0,842.39,17690.19,1,2,1,1,163.8,0,1,0,0,252
445,0,69,23,1,1319.36,30345.28,1,0,0,3,238.7,0,1,0,0,276
446,1,32,47,2,799.52,37577.44,1,3,0,1,151.0,0,1,0,0,564
447,1,46,15,0,1421.91,21328.65,2,2,0,2,93.5,1,0,0,0,180
448,0,25,25,2,855.2,21380.0,0,2,0,3,52.3,1,0,0,0,300
449,1,22,36,2,1433.96,51622.56,0,3,0,0,196.0,0,1,0,0,432
450,0,46,51,0,1282.68,65416.68,0,0,0,1,279.2,0,1,0,0,612
451,0,64,15,1,671.16,10067.4,1,2,0,2,50.3,0,0,0,0,180
452,0,21,68,2,1322.73,89945.64,1,0,0,3,58.1,0,0,0,0,816
453,0,29,21,0,343.08,7204.68,1,0,1,1,132.9,1,0,0,0,252
454,0,62,13,2,1402.56,18233.28,0,4,0,3,243.0,0,1,0,0,156
455,1,19,19,1,1021.14,19401.66,1,1,0,1,91.7,1,0,0,0,228
456,1,44,34,0,270.71,9204.14,0,2,0,1,79.9,0,0,0,0,408
457,0,48,68,1,1037.53,70552.04,1,0,2,1,187.9,0,1,0,0,816
458,0,68,52,0,1466.52,76259.04,1,0,1,3,163.0,0,1,0,0,624
459,1,68,27,2,290.74,7849.98,1,4,1,3,22.8,0,0,0,0,324
460,1,53,29,2,921.09,26711.61,0,0,0,1,29.0,0,0,0,0,348
461,0,53,28,0,1172.13,32819.64,2,2,1,0,194.7,0,1,0,0,336
462,1,43,35,0,1253.34,43866.9,1,1,0,0,142.2,1,0,0,0,420
463,0,60,8,2,737.98,5903.84,1,2,0,0,291.4,1,1,0,0,96
464,1,44,16,2,465.42,7446.72,0,2,1,2,205.2,0,1,0,0,192
465,0,22,36,2,255.04,9181.44,1,2,0,0,8.0,0,0,0,0,432
466,1,37,30,0,953.64,28609.2,1,2,2,3,146.9,0,0,0,0,360
467,0,28,18,1,788.78,14198.04,0,2,0,0,127.3,0,0,0,0,216
468,1,27,2,2,1433.37,2866.74,1,1,2,3,36.5,0,0,0,0,24
469,1,57,49,1,278.79,13660.71,1,1,1,2,277.3,0,1,0,0,588
470,0,55,4,0,1091.01,4364.04,1,1,0,3,242.5,0,1,0,0,48
471,1,23,7,2,232.46,1627.22,0,5,0,3,72.9,1,0,0,1,84
472,0,25,39,2,422.86,16491.54,2,3,0,3,80.5,0,0,0,0,468
473,1,40,13,0,789.65,10265.45,2,2,2,0,14.4,0,0,0,0,156
474,0,64,31,2,791.33,24531.23,1,1,0,1,92.5,1,0,0,0,372
475,1,43,71,0,1091.41,77490.11,5,3,1,3,177.5,1,1,1,0,852
476,0,63,63,2,1383.28,87146.64,0,0,2,0,129.1,0,0,0,0,756
477,1,60,56,2,1030.74,57721.44,1,2,0,0,290.9,0,1,0,0,672
478,0,29,42,0,1439.6,60463.2,1,1,0,0,21.5,1,0,0,0,504
479,1,43,61,2,1346.1,82112.1,0,3,1,1,179.5,0,1,0,0,732
480,0,30,42,2,959.85,40313.7,0,1,0,1,258.2,0,1,0,0,504
481,0,57,56,0,1283.93,71900.08,1,0,0,1,146.8,1,0,0,0,672
482,0,35,36,1,1035.35,37272.6,1,2,0,1,5.9,1,0,0,0,432
483,1,42,68,1,302.13,20544.84,1,3,0,2,76.6,0,0,0,0,816
484,0,50,7,2,1162.73,8139.11,0,1,1,1,100.5,0,0,0,0,84
485,1,64,54,0,323.38,17462.52,0,2,0,1,290.0,0,1,0,0,648
486,0,57,1,2,972.31,972.31,1,1,2,1,274.0,1,1,0,0,12
487,1,60,44,2,1113.43,48990.92,0,3,0,3,285.0,0,1,0,0,528
488,0,29,45,0,286.49,12892.05,1,2,1,3,248.6,0,1,0,0,540
489,1,61,47,2,500.03,23501.41,1,1,0,1,108.7,0,0,0,0,564
490,1,53,13,2,1390.37,18074.81,2,4,0,2,272.2,0,1,0,0,156
491,0,65,22,2,1001.21,22026.62,2,0,0,3,294.6,0,1,0,0,264
492,1,21,21,2,520.17,10923.57,2,7,1,0,108.3,0,0,0,1,252
493,1,22,9,2,1097.88,9880.92,1,2,2,3,81.9,0,0,0,0,108
494,0,54,26,1,975.81,25371.06,0,4,0,0,166.3,0,1,0,0,312
495,1,25,9,0,852.05,7668.45,0,3,0,3,60.2,1,0,0,0,108
496,1,59,15,2,1469.04,22035.6,0,3,0,1,14.6,1,0,0,0,180
497,1,66,10,1,1088.49,10884.9,1,6,0,3,284.0,1,1,0,1,120
498,0,45,42,2,688.07,28898.94,3,1,1,1,278.1,0,1,1,0,504
499,1,48,24,2,1240.1,29762.4,2,0,1,1,53.0,0,0,0,0,288
500,0,26,49,2,1349.96,66148.04,0,3,0,3,125.3,0,0,0,0,588
501,1,68,26,2,362.79,9432.54,2,1,2,0,250.2,0,1,0,0,312
502,1,46,37,1,460.72,17046.64,0,0,0,0,200.0,0,1,0,0,444
503,1,31,68,2,481.1,32714.8,0,0,1,3,121.5,0,0,0,0,816
504,0,57,50,1,1098.58,54929.0,2,1,0,1,224.5,0,1,0,0,600
505,1,58,24,0,983.95,23614.8,0,3,0,0,269.6,0,1,0,0,288
506,1,39,19,0,1004.69,19089.11,1,5,0,2,278.2,1,1,0,1,228
507,0,28,60,2,1423.01,85380.6,0,1,0,1,116.8,0,0,0,0,720
508,1,40,39,0,1208.68,47138.52,1,4,1,3,56.2,0,0,0,0,468
509,0,18,18,0,366.32,6593.76,0,3,1,1,274.3,0,1,0,0,216
510,0,63,19,0,651.76,12383.44,1,2,0,2,32.3,0,0,0,0,228
511,1,54,36,0,766.01,27576.36,3,2,1,2,217.9,0,1,1,0,432
512,0,38,55,0,714.75,39311.25,0,1,0,0,46.4,0,0,0,0,660
513,1,43,69,1,1070.1,73836.9,0,3,1,2,119.9,0,0,0,0,828
514,0,63,47,0,1359.46,63894.62,2,3,0,1,126.4,1,0,0,0,564
515,0,53,49,2,597.87,29295.63,3,6,0,0,51.8,0,0,1,1,588
516,1,40,33,2,917.44,30275.52,0,2,0,2,277.2,1,1,0,0,396
517,0,18,21,1,1226.23,25750.83,1,2,0,0,5.8,0,0,0,0,252
518,0,68,22,0,741.08,16303.76,0,2,1,0,268.7,0,1,0,0,264
519,0,57,48,1,418.55,20090.4,2,2,0,3,265.7,0,1,0,0,576
520,0,32,37,2,817.44,30245.28,2,3,0,0,98.5,0,0,0,0,444
521,0,38,15,2,271.79,4076.85,0,3,0,0,212.8,1,1,0,0,180
522,1,64,35,2,1425.1,49878.5,0,2,1,2,79.6,0,0,0,0,420
523,0,26,71,1,297.27,21106.17,3,3,1,1,228.8,0,1,1,0,852
524,1,26,32,0,769.99,24639.68,0,2,0,1,170.5,0,1,0,0,384
525,0,27,11,2,888.85,9777.35,0,1,0,2,93.6,1,0,0,0,132
526,1,69,10,2,1480.89,14808.9,1,1,1,1,123.1,0,0,0,0,120
527,1,43,57,2,415.83,23702.31,0,2,0,0,208.5,0,1,0,0,684
528,0,58,25,1,348.76,8719.0,1,1,0,3,272.3,1,1,0,0,300
529,0,52,2,0,211.32,422.64,0,3,0,0,43.6,0,0,0,0,24
530,0,69,64,1,402.24,25743.36,1,3,0,0,173.6,0,1,0,0,768
531,1,42,35,0,469.45,16430.75,0,1,0,3,79.9,0,0,0,0,420
532,0,43,7,0,1019.76,7138.32,2,4,1,2,241.4,0,1,0,0,84
533,1,28,18,0,485.62,8741.16,1,4,0,0,25.7,1,0,0,0,216
534,1,55,67,0,226.68,15187.56,2,2,1,0,208.2,0,1,0,0,804
535,1,19,42,2,1274.6,53533.2,1,2,0,2,56.6,0,0,0,0,504
536,0,24,39,0,675.27,26335.53,0,5,1,0,180.9,0,1,0,1,468
537,0,35,41,0,659.81,27052.21,1,2,0,0,251.5,0,1,0,0,492
538,1,44,24,1,593.22,14237.28,0,5,0,1,227.7,1,1,0,1,288
539,1,51,60,1,1467.99,88079.4,3,3,0,2,227.1,1,1,1,0,720
540,0,44,46,1,421.15,19372.9,1,3,0,0,157.8,0,1,0,0,552
541,1,34,19,1,1367.71,25986.49,0,1,0,0,267.8,0,1,0,0,228
542,0,60,68,2,1209.84,82269.12,1,3,1,3,178.5,0,1,0,0,816
543,1,61,42,0,299.42,12575.64,0,0,0,3,275.7,1,1,0,0,504
544,0,68,32,0,1482.75,47448.0,1,3,2,3,166.2,0,1,0,0,384
545,1,41,39,2,552.78,21558.42,0,1,2,0,154.3,0,1,0,0,468
546,0,42,36,0,328.16,11813.76,0,0,0,0,70.6,0,0,0,0,432
547,1,24,36,2,1278.11,46011.96,1,1,2,3,165.7,0,1,0,0,432
548,0,69,3,0,1118.68,3356.04,2,5,0,1,46.5,1,0,0,1,36
549,0,23,8,0,1002.38,8019.04,1,0,0,1,261.6,0,1,0,0,96
550,1,41,70,2,402.78,28194.6,0,3,0,1,204.4,0,1,0,0,840
551,1,50,41,2,822.04,33703.64,1,1,0,1,298.1,0,1,0,0,492
552,0,66,68,2,1214.72,82600.96,2,2,0,2,32.2,0,0,0,0,816
553,1,46,13,2,594.71,7731.23,1,3,2,3,76.0,0,0,0,0,156
554,0,60,49,0,605.2,29654.8,1,4,0,0,263.8,1,1,0,0,588
555,1,39,60,0,204.08,12244.8,2,0,0,3,121.6,0,0,0,0,720
556,0,43,2,1,426.52,853.04,0,1,1,1,142.6,1,0,0,0,24
557,0,45,60,2,1338.03,80281.8,1,4,0,0,258.9,0,1,0,0,720
558,0,67,5,0,774.27,3871.35,1,1,0,2,158.9,1,1,0,0,60
559,0,38,44,1,1479.5,65098.0,1,4,1,3,62.1,0,0,0,0,528
560,0,66,27,0,714.42,19289.34,2,5,0,0,268.1,1,1,0,1,324
561,0,24,32,2,1129.74,36151.68,2,1,0,0,14.2,1,0,0,0,384
562,1,34,21,0,566.49,11896.29,1,2,0,1,269.1,0,1,0,0,252
563,1,37,8,2,672.95,5383.6,0,3,0,1,19.9,1,0,0,0,96
564,1,58,50,2,447.94,22397.0,2,1,2,3,201.4,0,1,0,0,600
565,0,66,67,0,651.18,43629.06,0,3,1,2,26.1,0,0,0,0,804
566,0,37,44,1,911.41,40102.04,0,2,0,0,213.3,0,1,0,0,528
567,0,39,58,2,1489.3,86379.4,0,3,0,1,15.0,0,0,0,0,696
568,0,45,3,0,1063.46,3190.38,0,1,0,3,253.5,0,1,0,0,36
569,1,57,70,0,459.02,32131.4,0,0,2,1,142.5,0,0,0,0,840
570,1,66,2,0,258.45,516.9,1,3,0,3,32.6,1,0,0,0,24
571,0,24,44,0,364.26,16027.44,0,0,0,1,213.5,1,1,0,0,528
572,1,18,2,2,931.32,1862.64,1,1,1,2,149.3,0,1,0,0,24
573,1,49,35,1,1194.71,41814.85,0,0,2,0,61.3,0,0,0,0,420
574,0,30,30,2,1422.54,42676.2,0,2,0,1,9.6,0,0,0,0,360
575,1,47,8,0,220.57,1764.56,0,1,0,0,128.3,0,0,0,0,96
576,0,40,22,0,879.59,19350.98,1,1,0,3,30.3,0,0,0,0,264
577,1,68,44,0,812.13,35733.72,3,1,0,2,32.8,1,0,1,0,528
578,0,36,58,2,1052.87,61066.46,2,0,1,0,83.9,0,0,0,0,696
579,0,49,36,2,927.45,33388.2,1,1,1,1,191.0,0,1,0,0,432
580,0,47,69,0,1093.15,75427.35,0,0,1,0,161.3,0,1,0,0,828
581,0,46,31,2,1055.51,32720.81,0,2,0,0,25.4,0,0,0,0,372
582,1,66,47,1,352.12,16549.64,2,3,0,3,290.7,0,1,0,0,564
583,0,62,55,2,1239.63,68179.65,1,2,0,2,266.7,0,1,0,0,660
584,0,46,62,1,360.2,22332.4,1,3,0,2,81.5,0,0,0,0,744
585,0,47,30,2,1108.09,33242.7,0,2,1,0,41.1,0,0,0,0,360
586,1,33,55,2,740.99,40754.45,2,1,0,0,283.0,0,1,0,0,660
587,0,57,16,2,868.01,13888.16,1,3,0,3,141.0,0,0,0,0,192
588,1,36,12,2,1374.29,16491.48,1,0,0,0,96.8,0,0,0,0,144
589,0,35,17,0,1356.85,23066.45,1,0,0,3,149.7,1,1,0,0,204
590,1,18,16,0,1263.21,20211.36,3,1,0,2,233.0,0,1,1,0,192
591,1,31,12,0,863.19,10358.28,0,4,1,2,54.7,0,0,0,0,144
592,0,68,8,2,1157.11,9256.88,2,4,0,3,231.4,0,1,0,0,96
593,1,64,3,0,866.77,2600.31,1,0,1,0,226.1,1,1,0,0,36
594,0,67,16,1,1330.49,21287.84,3,7,0,2,164.1,1,1,1,1,192
595,0,19,30,2,723.61,21708.3,0,3,0,1,260.4,1,1,0,0,360
596,0,45,23,2,1461.31,33610.13,1,3,2,3,44.0,0,0,0,0,276
597,1,66,5,0,1412.02,7060.1,0,4,0,2,180.7,1,1,0,0,60
598,1,67,65,1,1164.08,75665.2,1,2,1,2,137.6,0,0,0,0,780
599,0,47,30,1,563.24,16897.2,2,3,0,2,129.6,0,0,0,0,360
600,0,55,21,2,371.15,7794.15,1,1,0,1,79.5,0,0,0,0,252
601,1,68,70,0,1311.11,91777.7,1,3,1,1,114.8,0,0,0,0,840
602,0,21,22,2,414.89,9127.58,1,1,2,1,36.9,0,0,0,0,264
603,0,18,32,0,1310.54,41937.28,1,1,1,0,79.2,0,0,0,0,384
604,0,25,33,0,837.99,27653.67,0,2,0,3,85.2,0,0,0,0,396
605,1,46,16,2,728.52,11656.32,3,2,0,0,217.6,0,1,1,0,192
606,1,56,38,2,1374.15,52217.7,0,2,1,1,19.3,0,0,0,0,456
607,1,20,14,2,985.01,13790.14,0,2,1,3,197.1,0,1,0,0,168
608,0,49,36,1,949.6,34185.6,1,3,0,0,70.3,0,0,0,0,432
609,0,27,23,2,926.4,21307.2,0,3,0,0,29.1,0,0,0,0,276
610,0,27,66,2,682.52,45046.32,2,4,1,0,93.7,0,0,0,0,792
611,1,36,2,0,1221.34,2442.68,0,3,0,1,71.2,0,0,0,0,24
612,0,63,65,1,528.64,34361.6,1,2,0,2,167.8,1,1,0,0,780
613,0,51,67,0,1420.56,95177.52,2,1,2,3,110.4,0,0,0,0,804
614,0,50,52,1,1362.18,70833.36,2,2,0,1,290.0,0,1,0,0,624
615,0,40,62,1,638.72,39600.64,0,4,0,3,289.2,0,1,0,0,744
616,1,45,23,0,1148.3,26410.9,1,1,1,1,135.9,0,0,0,0,276
617,1,49,26,2,945.19,24574.94,0,2,0,0,239.6,1,1,0,0,312
618,0,67,68,1,638.94,43447.92,0,1,1,0,8.9,0,0,0,0,816
619,1,24,55,2,1485.08,81679.4,0,1,0,2,166.6,0,1,0,0,660
620,1,46,6,1,232.81,1396.86,1,2,0,2,224.3,0,1,0,0,72
621,0,25,35,1,528.44,18495.4,0,1,0,3,69.0,0,0,0,0,420
622,0,18,22,2,876.1,19274.2,1,4,2,2,23.0,0,0,0,0,264
623,1,20,43,0,878.54,37777.22,0,1,0,2,51.0,0,0,0,0,516
624,0,41,15,1,965.61,14484.15,3,2,0,3,135.3,1,0,1,0,180
625,1,40,60,2,1177.18,70630.8,0,1,0,1,154.4,0,1,0,0,720
626,0,25,12,0,1010.52,12126.24,0,4,0,2,117.4,0,0,0,0,144
627,1,64,49,0,980.37,48038.13,1,3,0,1,134.8,1,0,0,0,588
628,0,54,42,2,269.57,11321.94,0,1,0,0,143.7,0,0,0,0,504
629,1,20,38,1,689.49,26200.62,1,2,0,2,232.0,0,1,0,0,456
630,1,68,45,1,501.67,22575.15,1,0,0,0,36.0,0,0,0,0,540
631,1,50,35,2,544.98,19074.3,2,3,1,0,231.8,0,1,0,0,420
632,0,45,30,0,920.64,27619.2,0,3,1,1,208.1,0,1,0,0,360
633,1,64,30,0,459.36,13780.8,2,2,0,3,223.8,0,1,0,0,360
634,1,25,6,1,582.13,3492.78,0,4,0,2,221.7,1,1,0,0,72
635,0,51,67,0,508.21,34050.07,2,2,1,1,143.8,0,0,0,0,804
636,0,52,7,0,1433.05,10031.35,1,3,1,3,67.4,1,0,0,0,84
637,1,49,52,0,1428.07,74259.64,1,1,0,0,163.3,1,1,0,0,624
638,1,41,14,2,992.92,13900.88,3,1,2,2,287.6,0,1,1,0,168
639,0,31,15,1,1401.88,21028.2,0,4,0,0,178.6,0,1,0,0,180
640,0,49,21,0,1221.56,25652.76,0,3,0,0,8.3,1,0,0,0,252
641,0,63,35,2,966.93,33842.55,2,1,0,2,22.6,0,0,0,0,420
642,0,60,66,2,208.37,13752.42,0,2,2,3,297.9,0,1,0,0,792
643,0,33,2,1,1204.27,2408.54,0,1,0,3,26.2,0,0,0,0,24
644,1,21,35,0,1113.23,38963.05,1,1,1,2,18.6,0,0,0,0,420
645,0,69,20,2,999.83,19996.6,1,1,0,2,109.1,0,0,0,0,240
646,1,54,10,0,1188.55,11885.5,2,0,0,1,290.9,1,1,0,0,120
647,1,38,25,1,866.8,21670.0,0,3,0,1,99.0,0,0,0,0,300
648,1,31,66,2,1115.31,73610.46,1,1,1,0,125.9,0,0,0,0,792
649,0,48,25,0,1415.72,35393.0,1,3,0,2,192.1,1,1,0,0,300
650,1,65,54,2,688.55,37181.7,0,2,0,3,12.1,0,0,0,0,648
651,1,35,33,2,1120.56,36978.48,0,1,0,0,269.8,1,1,0,0,396
652,0,24,36,0,818.39,29462.04,1,5,2,0,158.2,1,1,0,1,432
653,1,27,14,1,1076.72,15074.08,0,0,0,0,142.7,0,0,0,0,168
654,1,24,65,0,1191.76,77464.4,1,6,0,0,258.9,1,1,0,1,780
655,0,50,54,2,259.09,13990.86,0,2,0,3,286.2,0,1,0,0,648
656,1,40,52,2,1040.58,54110.16,1,2,2,0,129.9,0,0,0,0,624
657,1,38,3,2,494.76,1484.28,0,0,2,2,55.9,0,0,0,0,36
658,1,36,41,0,1071.04,43912.64,2,3,1,1,245.6,0,1,0,0,492
659,0,65,6,1,808.83,4852.98,3,0,0,3,124.0,0,0,1,0,72
660,0,36,25,2,1205.62,30140.5,0,1,0,2,281.0,0,1,0,0,300
661,0,53,13,2,360.42,4685.46,0,0,2,2,285.2,0,1,0,0,156
662,1,46,8,2,1014.22,8113.76,0,2,0,2,38.9,1,0,0,0,96
663,1,35,21,2,562.01,11802.21,2,0,0,1,287.2,0,1,0,0,252
664,0,19,68,0,1308.88,89003.84,0,2,0,1,113.6,1,0,0,0,816
665,1,18,25,0,1406.9,35172.5,1,2,2,1,195.6,0,1,0,0,300
666,1,64,68,1,1495.32,101681.76,1,2,0,2,15.3,0,0,0,0,816
667,0,22,45,0,1234.81,55566.45,2,2,0,1,267.2,0,1,0,0,540
668,0,37,60,2,1179.85,70791.0,2,5,1,0,194.3,0,1,0,1,720
669,1,28,12,1,480.15,5761.8,2,1,0,1,194.8,0,1,0,0,144
670,1,59,32,0,636.81,20377.92,1,3,0,3,271.1,0,1,0,0,384
671,1,19,13,2,805.39,10470.07,2,1,2,2,155.0,0,1,0,0,156
672,0,20,31,2,1205.4,37367.4,1,1,2,2,126.1,0,0,0,0,372
673,0,40,20,2,1389.46,27789.2,3,1,1,0,260.5,0,1,1,0,240
674,0,29,18,0,445.88,8025.84,1,1,1,1,224.0,0,1,0,0,216
675,0,37,60,0,1399.08,83944.8,1,3,0,1,284.9,0,1,0,0,720
676,1,22,63,2,1104.31,69571.53,0,1,2,3,282.3,0,1,0,0,756
677,0,54,6,1,994.0,5964.0,0,3,0,0,117.8,1,0,0,0,72
678,0,55,32,2,459.79,14713.28,0,1,1,3,136.9,0,0,0,0,384
679,0,47,43,2,272.18,11703.74,0,3,2,3,80.5,0,0,0,0,516
680,0,26,2,0,939.0,1878.0,2,0,1,2,199.9,1,1,0,0,24
681,0,51,60,2,1046.97,62818.2,1,2,1,2,112.5,0,0,0,0,720
682,1,61,23,0,474.02,10902.46,0,5,1,1,236.9,0,1,0,1,276
683,1,52,31,1,923.39,28625.09,3,2,0,1,40.9,1,0,1,0,372
684,0,69,5,1,1313.44,6567.2,1,0,1,3,39.3,0,0,0,0,60
685,1,39,34,2,1285.59,43710.06,2,3,0,1,65.3,0,0,0,0,408
686,0,61,10,1,1405.56,14055.6,1,3,0,3,29.9,0,0,0,0,120
687,0,41,2,0,675.65,1351.3,1,2,0,1,187.9,1,1,0,0,24
688,1,34,11,2,613.46,6748.06,2,4,0,1,48.5,0,0,0,0,132
689,1,27,50,0,1174.25,58712.5,1,1,1,2,52.2,1,0,0,0,600
690,0,47,31,1,760.45,23573.95,0,2,2,2,9.2,0,0,0,0,372
691,0,63,56,0,313.81,17573.36,0,3,0,2,235.7,1,1,0,0,672
692,0,40,9,2,567.64,5108.76,0,0,0,2,244.6,1,1,0,0,108
693,1,49,21,1,744.16,15627.36,1,2,0,0,52.8,0,0,0,0,252
694,0,34,28,0,580.27,16247.56,0,1,2,2,223.2,1,1,0,0,336
695,0,67,62,0,631.87,39175.94,0,1,0,0,132.9,0,0,0,0,744
696,0,68,7,2,581.91,4073.37,0,1,1,2,75.7,1,0,0,0,84
697,1,34,16,2,253.95,4063.2,0,5,2,1,188.3,0,1,0,1,192
698,0,31,4,0,1028.22,4112.88,1,4,0,3,57.7,1,0,0,0,48
699,0,26,4,0,976.48,3905.92,2,2,2,1,228.3,0,1,0,0,48
700,1,57,40,0,1049.4,41976.0,1,1,2,1,19.0,0,0,0,0,480
701,0,19,17,1,450.0,7650.0,0,1,2,0,287.9,0,1,0,0,204
702,0,62,52,2,584.35,30386.2,0,0,0,2,26.2,0,0,0,0,624
703,1,42,52,0,1005.5,52286.0,0,2,0,3,175.9,0,1,0,0,624
704,0,56,36,0,979.52,35262.72,2,1,2,3,271.1,1,1,0,0,432
705,1,26,38,0,858.23,32612.74,1,3,0,2,8.5,0,0,0,0,456
706,1,39,50,0,655.54,32777.0,1,4,1,0,152.1,0,1,0,0,600
707,0,60,63,2,1386.81,87369.03,0,2,0,0,108.3,0,0,0,0,756
708,0,63,63,0,641.7,40427.1,0,1,0,0,176.2,0,1,0,0,756
709,0,21,62,0,792.3,49122.6,0,2,0,3,71.5,0,0,0,0,744
710,0,43,7,2,1081.55,7570.85,2,3,0,0,24.1,0,0,0,0,84
711,1,46,27,0,905.93,24460.11,3,3,0,0,189.7,1,1,1,0,324
712,0,62,14,2,650.95,9113.3,2,1,0,3,128.0,0,0,0,0,168
713,1,51,71,2,766.34,54410.14,1,2,0,3,188.6,0,1,0,0,852
714,0,40,5,2,1232.83,6164.15,0,3,1,1,67.1,0,0,0,0,60
715,0,54,55,2,561.57,30886.35,2,1,1,3,104.9,0,0,0,0,660
716,0,28,2,2,384.93,769.86,1,2,0,2,170.7,1,1,0,0,24
717,1,23,62,1,607.11,37640.82,1,3,0,3,180.0,0,1,0,0,744
718,0,35,21,2,1304.39,27392.19,1,0,0,3,114.8,0,0,0,0,252
719,0,38,21,2,315.69,6629.49,1,2,0,0,87.6,0,0,0,0,252
720,0,59,10,1,1489.2,14892.0,0,2,0,1,85.7,0,0,0,0,120
721,0,53,58,2,903.3,52391.4,0,2,0,0,56.5,1,0,0,0,696
722,1,58,39,0,1480.3,57731.7,0,1,0,1,101.0,0,0,0,0,468
723,0,55,5,0,1420.7,7103.5,0,3,1,0,63.8,1,0,0,0,60
724,1,51,65,0,788.66,51262.9,0,3,0,2,192.0,0,1,0,0,780
725,1,34,13,1,458.04,5954.52,1,2,2,0,172.9,0,1,0,0,156
726,1,54,53,2,414.35,21960.55,1,0,0,0,117.9,0,0,0,0,636
727,1,42,45,1,511.99,23039.55,2,1,2,2,101.1,0,0,0,0,540
728,1,55,32,2,1123.17,35941.44,2,3,0,2,75.1,1,0,0,0,384
729,1,29,36,2,554.83,19973.88,1,4,0,3,163.0,0,1,0,0,432
730,0,40,60,0,643.85,38631.0,1,0,0,0,276.1,1,1,0,0,720
731,1,59,11,2,783.41,8617.51,0,0,0,2,207.3,0,1,0,0,132
732,1,39,63,2,1387.2,87393.6,1,2,0,2,224.6,1,1,0,0,756
733,1,38,21,1,446.21,9370.41,1,1,0,3,251.1,0,1,0,0,252
734,0,44,52,0,206.53,10739.56,2,2,1,1,108.7,0,0,0,0,624
735,0,48,55,2,278.13,15297.15,1,1,0,2,23.5,0,0,0,0,660
736,1,23,26,2,1376.2,35781.2,1,0,1,2,188.7,0,1,0,0,312
737,0,44,68,2,1041.77,70840.36,0,0,0,0,60.7,1,0,0,0,816
738,1,57,34,2,554.95,18868.3,2,1,2,3,172.9,0,1,0,0,408
739,1,51,52,2,430.35,22378.2,0,1,0,0,223.2,1,1,0,0,624
740,0,29,52,0,582.55,30292.6,1,4,0,1,236.2,0,1,0,0,624
741,1,62,29,2,349.24,10127.96,0,0,0,3,94.0,1,0,0,0,348
742,0,24,38,2,1423.99,54111.62,1,1,0,0,156.2,1,1,0,0,456
743,0,27,42,1,1219.47,51217.74,1,3,0,2,188.2,0,1,0,0,504
744,1,62,21,1,801.11,16823.31,2,7,0,2,246.7,0,1,0,1,252
745,1,34,42,0,1324.45,55626.9,1,0,1,3,229.6,0,1,0,0,504
746,0,43,13,0,524.3,6815.9,2,5,2,2,296.5,1,1,0,1,156
747,1,38,64,1,1132.26,72464.64,1,1,0,0,7.4,1,0,0,0,768
748,1,45,17,2,1312.97,22320.49,1,1,2,3,134.1,0,0,0,0,204
749,1,63,9,1,663.8,5974.2,0,3,2,2,80.5,1,0,0,0,108
750,0,19,41,0,1184.7,48572.7,1,2,2,2,40.4,1,0,0,0,492
751,0,60,1,2,583.59,583.59,1,0,0,1,273.9,1,1,0,0,12
752,1,18,2,1,588.51,1177.02,1,1,0,1,299.4,1,1,0,0,24
753,0,68,60,1,339.17,20350.2,0,1,0,3,58.3,0,0,0,0,720
754,0,53,48,0,772.08,37059.84,3,0,1,1,16.3,1,0,1,0,576
755,0,68,29,2,1148.63,33310.27,0,0,0,0,86.1,0,0,0,0,348
756,0,43,10,2,1422.29,14222.9,2,3,0,2,251.3,1,1,0,0,120
757,0,46,58,0,984.94,57126.52,5,3,0,2,91.7,1,0,1,0,696
758,1,38,60,2,1322.08,79324.8,0,4,0,2,21.8,0,0,0,0,720
759,1,28,21,2,1269.24,26654.04,1,2,1,3,20.5,0,0,0,0,252
760,1,57,28,1,425.35,11909.8,1,1,0,3,131.1,0,0,0,0,336
761,0,28,34,2,831.56,28273.04,1,1,1,1,279.9,0,1,0,0,408
762,0,53,8,0,352.0,2816.0,0,3,1,2,89.3,0,0,0,0,96
763,1,66,59,0,1086.8,64121.2,0,2,0,2,131.0,0,0,0,0,708
764,0,56,49,2,1434.87,70308.63,2,2,0,2,35.1,0,0,0,0,588
765,1,57,17,0,378.22,6429.74,2,2,1,2,150.6,0,1,0,0,204
766,1,52,60,2,1154.05,69243.0,0,2,0,2,210.5,0,1,0,0,720
767,1,51,45,0,1021.91,45985.95,1,0,0,0,85.0,0,0,0,0,540
768,0,64,69,1,958.69,66149.61,1,1,0,2,92.5,0,0,0,0,828
769,0,41,32,1,707.16,22629.12,1,1,0,0,253.4,0,1,0,0,384
770,1,39,44,2,661.67,29113.48,1,0,0,2,8.1,0,0,0,0,528
771,1,22,65,1,258.82,16823.3,0,3,0,3,192.8,1,1,0,0,780
772,1,50,8,2,483.28,3866.24,1,4,0,3,121.2,0,0,0,0,96
773,1,53,43,2,219.73,9448.39,0,1,0,0,93.0,0,0,0,0,516
774,0,64,1,0,955.84,955.84,1,5,1,2,199.0,0,1,0,1,12
775,0,37,51,2,337.61,17218.11,2,0,0,3,251.2,0,1,0,0,612
776,1,36,24,2,1334.93,32038.32,0,2,1,3,169.7,0,1,0,0,288
777,1,52,24,1,880.09,21122.16,2,0,0,2,14.2,0,0,0,0,288
778,0,69,17,2,1109.6,18863.2,1,7,1,2,141.1,0,0,0,1,204
779,0,60,5,1,734.11,3670.55,1,4,0,3,141.5,1,0,0,0,60
780,1,34,20,2,928.75,18575.0,2,1,1,2,165.4,0,1,0,0,240
781,1,62,21,0,1425.46,29934.66,0,0,0,1,202.9,1,1,0,0,252
782,1,60,58,1,307.55,17837.9,2,1,1,2,10.7,0,0,0,0,696
783,0,51,31,2,530.12,16433.72,0,2,0,3,153.1,1,1,0,0,372
784,0,26,11,0,1213.98,13353.78,1,4,0,3,178.6,1,1,0,0,132
785,0,43,52,2,328.36,17074.72,1,1,0,0,106.3,0,0,0,0,624
786,1,19,15,0,298.36,4475.4,0,0,1,1,202.2,0,1,0,0,180
787,1,26,7,2,670.0,4690.0,2,2,1,3,72.3,1,0,0,0,84
788,0,26,28,2,319.82,8954.96,2,1,0,1,98.6,0,0,0,0,336
789,0,57,51,2,960.6,48990.6,1,2,1,2,289.0,0,1,0,0,612
790,1,34,58,1,494.16,28661.28,2,0,1,3,107.7,0,0,0,0,696
791,0,18,5,2,1364.41,6822.05,1,0,2,0,107.2,0,0,0,0,60
792,0,42,5,0,1218.55,6092.75,2,0,1,3,180.7,1,1,0,0,60
793,1,60,8,2,1109.62,8876.96,3,1,1,0,291.4,0,1,1,0,96
794,0,57,64,1,1002.03,64129.92,1,2,0,1,295.0,0,1,0,0,768
795,1,59,10,0,1322.51,13225.1,2,4,1,0,176.0,0,1,0,0,120
796,1,42,38,0,489.98,18619.24,1,3,0,2,5.3,0,0,0,0,456
797,1,56,8,0,1335.04,10680.32,0,4,2,2,270.7,1,1,0,0,96
798,1,52,25,0,1226.34,30658.5,1,5,0,2,173.2,0,1,0,1,300
799,1,20,66,1,1172.61,77392.26,0,0,0,3,113.0,0,0,0,0,792
800,1,67,50,2,929.63,46481.5,0,3,0,2,249.6,1,1,0,0,600
801,1,54,67,0,520.12,34848.04,2,2,1,2,123.0,0,0,0,0,804
802,0,61,49,2,750.61,36779.89,1,1,2,3,15.0,0,0,0,0,588
803,1,61,36,0,1231.64,44339.04,2,1,0,1,247.2,0,1,0,0,432
804,1,68,68,1,241.31,16409.08,0,1,1,2,166.0,0,1,0,0,816
805,0,47,41,1,1216.67,49883.47,0,4,1,2,104.8,0,0,0,0,492
806,0,55,62,0,512.09,31749.58,0,5,1,3,79.0,0,0,0,1,744
807,0,51,10,1,387.6,3876.0,3,0,0,1,180.2,1,1,1,0,120
808,1,29,21,2,350.41,7358.61,2,2,1,1,66.4,0,0,0,0,252
809,0,36,36,0,235.43,8475.48,2,2,0,1,100.5,0,0,0,0,432
810,1,54,12,0,880.66,10567.92,4,5,1,3,192.8,1,1,1,1,144
811,1,61,2,2,483.74,967.48,1,0,0,0,265.1,1,1,0,0,24
812,1,66,13,2,1486.26,19321.38,0,0,0,0,162.2,0,1,0,0,156
813,1,34,53,1,946.77,50178.81,0,4,1,2,228.9,0,1,0,0,636
814,0,27,32,2,379.25,12136.0,1,3,0,2,230.1,1,1,0,0,384
815,0,66,16,1,1095.39,17526.24,0,2,0,2,201.0,1,1,0,0,192
816,1,64,32,2,1367.07,43746.24,0,4,1,0,77.5,0,0,0,0,384
817,1,29,32,1,1168.73,37399.36,3,1,0,3,260.7,0,1,1,0,384
818,1,33,11,2,299.37,3293.07,2,1,0,2,133.7,1,0,0,0,132
819,0,41,10,0,1364.65,13646.5,1,1,0,3,18.0,0,0,0,0,120
820,1,36,15,2,1232.11,18481.65,1,1,0,2,77.2,0,0,0,0,180
821,1,25,17,1,405.8,6898.6,1,1,0,3,230.8,1,1,0,0,204
822,0,48,40,0,267.32,10692.8,0,3,0,3,25.4,0,0,0,0,480
823,0,38,18,1,924.5,16641.0,0,1,2,0,48.5,0,0,0,0,216
824,1,34,55,0,402.85,22156.75,1,2,0,3,209.8,1,1,0,0,660
825,0,40,25,2,1284.97,32124.25,2,2,0,1,268.3,0,1,0,0,300
826,0,54,59,1,665.84,39284.56,1,1,0,0,192.0,1,1,0,0,708
827,1,33,22,0,1386.76,30508.72,2,6,0,2,70.6,0,0,0,1,264
828,0,23,30,0,935.39,28061.7,2,2,1,0,20.8,0,0,0,0,360
829,1,25,44,2,437.47,19248.68,2,5,1,1,186.5,0,1,0,1,528
830,0,42,32,1,381.48,12207.36,0,3,0,1,19.0,0,0,0,0,384
831,1,35,51,0,949.41,48419.91,1,0,0,3,185.8,0,1,0,0,612
832,1,42,46,1,1190.45,54760.7,0,0,0,1,71.5,1,0,0,0,552
833,1,29,21,0,1215.96,25535.16,2,0,1,1,271.9,0,1,0,0,252
834,0,32,32,1,558.48,17871.36,3,5,0,1,145.2,1,0,1,1,384
835,1,43,39,1,465.52,18155.28,4,2,0,1,71.1,1,0,1,0,468
836,0,58,12,2,221.78,2661.36,0,1,0,2,256.7,0,1,0,0,144
837,1,62,47,2,1082.96,50899.12,1,0,1,2,79.9,0,0,0,0,564
838,1,43,18,2,299.54,5391.72,2,1,2,0,95.4,0,0,0,0,216
839,0,64,21,2,746.99,15686.79,1,0,2,3,251.1,0,1,0,0,252
840,1,49,13,0,982.19,12768.47,0,1,0,2,96.1,0,0,0,0,156
841,1,27,21,0,1418.24,29783.04,1,5,0,1,126.0,1,0,0,1,252
842,0,33,8,0,605.34,4842.72,1,1,0,3,107.6,1,0,0,0,96
843,1,24,46,2,524.7,24136.2,2,0,1,2,39.3,0,0,0,0,552
844,1,34,7,0,1050.41,7352.87,2,5,2,0,16.5,0,0,0,1,84
845,1,40,23,2,1005.01,23115.23,0,1,0,1,218.7,0,1,0,0,276
846,1,43,22,1,631.74,13898.28,1,4,0,3,195.3,0,1,0,0,264
847,0,38,22,0,1406.53,30943.66,1,1,0,2,88.3,1,0,0,0,264
848,0,39,29,2,1298.32,37651.28,2,1,0,3,92.2,1,0,0,0,348
849,1,24,13,2,491.18,6385.34,1,1,0,2,283.8,0,1,0,0,156
850,0,31,2,1,510.89,1021.78,1,1,0,0,296.4,0,1,0,0,24
851,1,32,29,1,865.99,25113.71,2,3,0,1,144.7,0,0,0,0,348
852,0,24,52,1,1205.64,62693.28,0,3,0,0,241.7,0,1,0,0,624
853,1,26,27,1,257.25,6945.75,1,2,1,1,222.3,0,1,0,0,324
854,1,68,50,0,1101.34,55067.0,2,2,0,1,92.7,1,0,0,0,600
855,1,65,23,1,1042.71,23982.33,3,1,0,3,22.3,1,0,1,0,276
856,1,25,44,2,500.92,22040.48,0,3,0,2,47.1,0,0,0,0,528
857,1,67,22,0,1085.76,23886.72,0,1,2,0,252.3,0,1,0,0,264
858,1,40,43,1,1422.24,61156.32,2,4,1,0,220.7,0,1,0,0,516
859,0,46,37,0,260.82,9650.34,2,1,0,0,201.0,0,1,0,0,444
860,1,35,61,2,615.55,37548.55,1,3,0,3,43.5,0,0,0,0,732
861,0,48,56,0,769.63,43099.28,1,2,0,3,193.8,1,1,0,0,672
862,1,47,3,2,1369.04,4107.12,1,1,1,3,232.8,1,1,0,0,36
863,0,69,63,2,1450.94,91409.22,2,2,1,1,258.9,0,1,0,0,756
864,0,56,19,2,777.35,14769.65,1,4,2,0,8.9,0,0,0,0,228
865,0,52,23,2,1175.04,27025.92,0,2,0,1,206.9,0,1,0,0,276
866,1,35,29,0,891.16,25843.64,1,2,2,0,10.6,0,0,0,0,348
867,1,59,30,1,899.12,26973.6,1,1,2,0,213.5,0,1,0,0,360
868,0,56,39,0,561.53,21899.67,1,2,2,2,192.5,0,1,0,0,468
869,1,34,25,2,482.04,12051.0,1,2,0,0,48.8,0,0,0,0,300
870,0,31,8,1,574.41,4595.28,2,1,0,3,231.0,1,1,0,0,96
871,1,48,58,1,923.23,53547.34,0,0,0,3,25.2,0,0,0,0,696
872,0,41,16,2,237.9,3806.4,0,0,0,3,248.8,0,1,0,0,192
873,0,52,1,2,1379.42,1379.42,0,1,0,2,82.3,0,0,0,0,12
874,1,61,5,1,403.17,2015.85,0,3,1,2,208.2,0,1,0,0,60
875,0,62,3,1,486.12,1458.36,0,1,1,1,277.5,0,1,0,0,36
876,1,51,65,2,873.76,56794.4,0,2,2,0,105.2,0,0,0,0,780
877,0,20,4,0,1123.15,4492.6,0,1,0,0,153.4,0,1,0,0,48
878,0,54,64,0,324.45,20764.8,0,2,0,3,141.6,1,0,0,0,768
879,1,60,10,0,613.0,6130.0,0,4,1,3,51.5,0,0,0,0,120
880,1,57,21,2,1459.28,30644.88,0,1,0,3,179.1,0,1,0,0,252
881,1,43,46,0,541.05,24888.3,0,1,0,3,224.2,0,1,0,0,552
882,0,40,27,2,606.97,16388.19,1,1,2,3,275.5,0,1,0,0,324
883,1,61,66,0,1287.45,84971.7,0,3,1,3,256.0,0,1,0,0,792
884,0,56,41,0,265.28,10876.48,1,4,0,0,155.5,1,1,0,0,492
885,0,32,13,1,804.0,10452.0,0,6,1,2,217.1,0,1,0,1,156
886,1,66,9,2,693.5,6241.5,0,1,1,3,241.2,1,1,0,0,108
887,1,21,36,0,611.56,22016.16,1,1,1,0,150.6,0,1,0,0,432
888,0,46,58,1,571.41,33141.78,0,6,1,3,39.1,0,0,0,1,696
889,0,39,54,0,318.79,17214.66,0,2,0,1,134.2,0,0,0,0,648
890,1,42,12,2,609.27,7311.24,1,2,1,1,253.5,0,1,0,0,144
891,1,30,14,2,255.97,3583.58,0,3,0,0,181.0,0,1,0,0,168
892,1,35,34,0,1215.25,41318.5,2,4,0,2,218.7,1,1,0,0,408
893,1,50,53,1,717.7,38038.1,1,0,2,1,59.7,0,0,0,0,636
894,1,33,20,2,777.07,15541.4,0,3,0,1,289.5,0,1,0,0,240
895,0,62,16,2,1361.67,21786.72,1,3,1,2,124.2,0,0,0,0,192
896,0,59,70,0,1055.47,73882.9,3,3,1,1,197.8,1,1,1,0,840
897,0,61,56,0,210.48,11786.88,1,1,2,3,10.6,0,0,0,0,672
898,0,19,58,1,1426.13,82715.54,1,0,2,2,42.6,0,0,0,0,696
899,1,52,4,0,508.29,2033.16,0,0,0,1,235.7,1,1,0,0,48
900,1,59,4,2,339.9,1359.6,0,1,0,2,290.6,1,1,0,0,48
901,1,51,20,2,1198.57,23971.4,0,1,0,3,99.4,0,0,0,0,240
902,0,47,10,2,850.62,8506.2,0,1,0,1,16.0,1,0,0,0,120
903,0,30,24,0,763.9,18333.6,2,1,0,0,111.5,0,0,0,0,288
904,1,30,26,0,524.35,13633.1,1,5,0,1,10.2,0,0,0,1,312
905,1,35,37,2,911.71,33733.27,4,3,1,1,61.8,0,0,1,0,444
906,0,49,54,0,556.7,30061.8,0,2,2,3,227.0,0,1,0,0,648
907,0,49,21,0,1372.06,28813.26,2,1,1,0,281.4,0,1,0,0,252
908,1,52,38,0,479.77,18231.26,0,1,1,0,30.8,0,0,0,0,456
909,1,56,46,2,1349.66,62084.36,1,1,0,0,169.6,1,1,0,0,552
910,0,63,4,1,927.23,3708.92,1,3,0,3,79.9,0,0,0,0,48
911,1,69,60,0,1277.03,76621.8,0,6,0,3,46.0,1,0,0,1,720
912,1,46,57,0,1126.7,64221.9,0,2,1,3,69.6,1,0,0,0,684
913,1,66,45,0,1105.7,49756.5,3,4,0,3,175.4,0,1,1,0,540
914,0,46,20,2,621.65,12433.0,0,0,1,3,24.2,0,0,0,0,240
915,0,61,17,2,504.07,8569.19,2,3,0,0,133.1,0,0,0,0,204
916,0,33,71,2,474.15,33664.65,1,6,0,2,44.9,0,0,0,1,852
917,0,61,4,2,1314.35,5257.4,0,2,0,3,85.4,1,0,0,0,48
918,0,64,14,2,1266.55,17731.7,0,3,0,2,61.3,1,0,0,0,168
919,0,27,3,1,772.75,2318.25,1,2,0,1,265.5,1,1,0,0,36
920,0,47,58,1,372.13,21583.54,1,1,1,1,213.9,0,1,0,0,696
921,1,42,55,0,696.93,38331.15,1,1,1,3,261.2,0,1,0,0,660
922,1,56,4,0,1005.15,4020.6,0,2,0,1,118.1,1,0,0,0,48
923,1,37,24,0,790.72,18977.28,0,5,1,2,97.5,0,0,0,1,288
924,1,22,34,0,1214.25,41284.5,0,2,0,1,117.3,0,0,0,0,408
925,1,18,30,1,1496.91,44907.3,3,1,2,1,10.5,0,0,1,0,360
926,1,47,19,2,448.47,8520.93,0,2,0,2,218.8,0,1,0,0,228
927,1,66,31,0,797.55,24724.05,1,1,1,1,108.2,0,0,0,0,372
928,0,20,60,2,760.28,45616.8,2,2,0,3,97.4,0,0,0,0,720
929,0,62,60,2,595.84,35750.4,2,1,0,2,181.5,1,1,0,0,720
930,1,31,19,0,457.52,8692.88,1,0,0,2,133.7,1,0,0,0,228
931,1,47,49,0,285.4,13984.6,0,2,0,0,294.3,1,1,0,0,588
932,0,67,63,2,1353.26,85255.38,2,2,0,0,110.1,0,0,0,0,756
933,1,21,22,2,745.8,16407.6,1,2,0,2,186.1,1,1,0,0,264
934,1,35,24,0,845.96,20303.04,2,0,2,2,96.9,0,0,0,0,288
935,0,54,30,0,1392.02,41760.6,1,2,1,0,297.2,0,1,0,0,360
936,1,42,58,2,1209.18,70132.44,1,2,1,3,136.3,0,0,0,0,696
937,0,65,31,0,369.65,11459.15,1,2,1,1,192.1,0,1,0,0,372
938,1,18,64,2,935.05,59843.2,1,0,2,1,42.4,0,0,0,0,768
939,0,63,19,2,774.93,14723.67,0,1,0,1,221.2,0,1,0,0,228
940,0,32,48,0,1236.37,59345.76,3,3,0,2,84.4,1,0,1,0,576
941,0,26,45,1,1141.5,51367.5,2,1,2,3,137.3,0,0,0,0,540
942,1,32,55,2,1097.53,60364.15,0,0,1,0,265.5,0,1,0,0,660
943,0,66,55,0,642.71,35349.05,3,2,0,3,291.3,1,1,1,0,660
944,1,41,18,2,1246.45,22436.1,1,2,0,3,130.2,0,0,0,0,216
945,1,21,63,2,268.11,16890.93,2,1,0,1,251.3,0,1,0,0,756
946,1,29,47,2,407.51,19152.97,1,2,2,0,20.7,0,0,0,0,564
947,1,54,57,0,636.31,36269.67,2,1,0,3,255.0,0,1,0,0,684
948,0,54,45,1,299.85,13493.25,0,2,2,0,190.7,0,1,0,0,540
949,0,60,33,2,505.49,16681.17,1,0,2,2,149.2,0,1,0,0,396
950,1,23,17,0,1279.2,21746.4,1,2,1,1,267.5,0,1,0,0,204
951,1,56,70,0,1432.73,100291.1,1,2,0,0,254.4,0,1,0,0,840
952,0,63,4,0,595.98,2383.92,1,2,0,2,92.6,1,0,0,0,48
953,1,41,20,1,543.87,10877.4,1,2,0,2,238.5,0,1,0,0,240
954,0,28,47,0,563.86,26501.42,2,2,0,2,34.3,0,0,0,0,564
955,1,30,15,0,561.03,8415.45,1,2,1,3,247.7,0,1,0,0,180
956,1,51,70,1,246.71,17269.7,0,1,0,3,204.3,0,1,0,0,840
957,0,42,47,0,1404.99,66034.53,2,3,0,1,30.9,0,0,0,0,564
958,1,24,9,0,477.81,4300.29,2,3,0,1,206.5,1,1,0,0,108
959,0,69,16,0,746.01,11936.16,0,1,2,2,176.3,1,1,0,0,192
960,1,21,69,0,212.59,14668.71,0,0,0,1,180.4,1,1,0,0,828
961,1,25,61,0,1315.34,80235.74,0,0,2,3,90.8,0,0,0,0,732
962,1,37,10,2,1150.5,11505.0,2,1,0,1,83.6,0,0,0,0,120
963,0,46,50,0,1430.78,71539.0,3,2,0,0,229.9,0,1,1,0,600
964,1,68,3,0,1216.1,3648.3,0,2,0,3,80.8,0,0,0,0,36
965,1,62,70,2,607.82,42547.4,2,4,0,2,136.6,0,0,0,0,840
966,1,63,51,2,522.24,26634.24,0,0,1,2,210.0,0,1,0,0,612
967,1,27,19,2,1107.03,21033.57,0,1,0,1,28.5,0,0,0,0,228
968,0,60,42,2,673.35,28280.7,3,5,0,3,180.4,0,1,1,1,504
969,0,51,35,0,936.08,32762.8,0,4,1,2,178.9,0,1,0,0,420
970,1,43,46,2,208.13,9573.98,1,0,1,2,206.8,0,1,0,0,552
971,0,58,26,2,280.45,7291.7,1,2,1,3,114.1,0,0,0,0,312
972,1,66,69,0,895.98,61822.62,2,2,0,3,137.4,1,0,0,0,828
973,1,20,64,1,935.89,59896.96,0,5,0,2,102.3,0,0,0,1,768
974,1,23,37,0,1176.89,43544.93,2,0,2,1,243.4,0,1,0,0,444
975,0,22,49,2,371.55,18205.95,2,0,2,1,43.5,0,0,0,0,588
976,0,22,21,0,867.14,18209.94,1,2,2,1,289.1,0,1,0,0,252
977,0,64,64,2,452.78,28977.92,1,1,0,0,192.3,0,1,0,0,768
978,0,40,5,2,321.15,1605.75,1,3,1,3,266.6,0,1,0,0,60
979,0,66,70,1,733.64,51354.8,3,0,1,2,130.7,0,0,1,0,840
980,0,26,4,0,412.34,1649.36,1,3,0,0,103.0,0,0,0,0,48
981,0,52,39,2,488.32,19044.48,0,1,1,1,270.7,0,1,0,0,468
982,0,37,35,2,612.82,21448.7,1,3,1,0,34.2,0,0,0,0,420
983,0,66,1,2,537.2,537.2,0,0,0,2,39.5,0,0,0,0,12
984,1,59,24,2,313.87,7532.88,1,1,0,2,93.3,0,0,0,0,288
985,0,52,57,2,316.89,18062.73,0,1,1,3,288.1,0,1,0,0,684
986,0,67,70,2,451.22,31585.4,2,1,0,1,191.8,0,1,0,0,840
987,0,35,41,0,265.73,10894.93,3,1,0,1,168.5,1,1,1,0,492
988,0,34,54,2,1014.39,54777.06,0,3,0,0,213.1,0,1,0,0,648
989,0,41,46,0,573.52,26381.92,2,5,0,1,128.2,1,0,0,1,552
990,0,20,60,1,563.67,33820.2,0,3,2,0,228.6,0,1,0,0,720
991,0,49,60,2,631.6,37896.0,0,2,0,2,121.0,0,0,0,0,720
992,0,52,57,1,1061.64,60513.48,1,1,0,2,248.8,0,1,0,0,684
993,0,55,31,0,1331.82,41286.42,1,1,2,2,83.9,0,0,0,0,372
994,0,30,24,1,1186.81,28483.44,0,4,0,2,86.9,0,0,0,0,288
995,0,64,36,1,1145.79,41248.44,2,2,0,2,159.1,0,1,0,0,432
996,1,42,30,2,829.71,24891.3,0,3,1,0,132.1,0,0,0,0,360
997,1,26,24,2,1101.95,26446.8,1,1,0,2,196.2,0,1,0,0,288
998,0,21,30,0,918.59,27557.7,2,1,0,0,112.5,0,0,0,0,360
999,0,31,7,1,481.13,3367.91,1,2,1,2,73.0,0,0,0,0,84
1000,1,54,35,2,471.16,16490.6,1,1,1,0,143.6,0,0,0,0,420
